Name,Address,State
Singla Hospital,"Huda City Centre Road, Opp Court, Bhiwani, Haryana, India",Haryana
Ranvir Hospital,"Meham Gate, Circular Road, Bhiwani, Haryana, India",Haryana
Swasthya Gram,"58 Milestine, Delhi Jaipur Highway, Manesar, Gurgaon, Haryana, India - 122051",Haryana
Inner Strength Foundation,"S No-4503, DLF Gurgaon, Gurgaon, Haryana, India - 122002",Haryana
Kerala Ayurvedic Clinic,"Rajhans Hotel, Faridabad, Faridabad, Haryana, India - 121001",Haryana
Sakthi Kerala Ayurvedic Centre,"Bldg No-1332, Faridabad Sector 19, Faridabad, Haryana, India - 121002",Haryana
New Life Medical Centre,"81, Faridabad, Faridabad, Haryana, India - 121001",Haryana
Om Yog Sansthan,"Pali, Sona Rd, Ballabhgarh Faridabad, Faridabad, Haryana, India - 121004",Haryana
Vedantam Mind & Body Heart Solution,"House No-2557, Gurgaon, Gurgaon, Haryana, India - 122001",Haryana
NIRMAL SWADESHI KENDRA,"Sector 7 Huda Extension Market, Gurgaon, Gurgaon, Haryana, India - 122001",Haryana
Vivacity,"A-27/2, Basement, Gurgaon, Gurgaon, Haryana, India - 122001",Haryana
Ayurveda Healing Tree,"Shop No-321, 3rd Floor Tricity Plaza, Peer Mushalla, Panchkula, Haryana, India - 134114",Haryana
AyurNava Ayurvedic Treatment Center,"Opposite Omax City Center, Sector 48, Sohna Road, Gurgaon, Haryana, India - 122001",Haryana
Ayulife - Ayurveda Panchkarma,"SCO 36-37, Vatika City Market, Sohna Road, Sector -49, Gurgaon, Haryana - 122018",Haryana
Ayurved Guru,"95, Dyal Singh Colony, Karnal, Karnal, Haryana, India - 132001",Haryana
SHRI CHARAK VEDA,"MAIN NATHUPUR ROAD, NR 38, DLF PHASE 3 SECTOR- 24, Gurgaon, Haryana, India - 122002",Haryana
Amar Hospital,"Waiser Rd, Near Bus Stand Madlauda, Haryana 132113, Panipat, Haryana - 132113",Haryana
IAS Medicare Hospital,"Khandsa Road Gurgaon Haryana 122001, Gurgaon, Haryana, India - 122001",Haryana
Partha Maternity Medical Nursing Home,"Shree Krishna Tower, Nr Priya Cinema, National Highway No 8, Krishnanagar, 382345, Ahmedabad, Gujarat, India",Gujrat
Dr Jivraj Mehta Smarak Health Foundation,"Arogyadham Nr. Ayojannagar,380007, Ahmedabad, Gujarat, India",Gujrat
Divyajyot Ayurvedic Research Foundation,"Paldi Cross Road, Paldi, Ahmedabad, Gujarat - 380007, India",Gujrat
Shree Gordhandas Diagnostic & Research Centre,"Vastrapur Road, Vastrapur, Ahmedabad, Gujarat - 380015, India",Gujrat
Sanjeevani Ayurvedic Hospital,"Nava Sharda Mandir Road, Paldi, Ahmedabad, Gujarat - 380007, India",Gujrat
Vivekanand Ayurvedic Hospital,"Maninagar, Ahmedabad, Gujarat - 380008, India",Gujrat
Ayurved Hospital,"A - Goldcoin Complex, 1st Floor, Jodhpur Cross Road, Satellite Road, Ahmedabad, Gujarat - 380015, India",Gujrat
Shree Sainath Super Speciality Hospital,"H-61, Karnavati Duplex, Chandkheda, Ahmedabad, Gujarat - 382424, India",Gujrat
Jaydev Ayurved Hospital,"301-302, Abhishek Complex, Ankur Road, Naranpura, Ahmedabad, Gujarat - 380013, India",Gujrat
Pushpam Ayurved Hospital,"6, Shukan Mall, 3rd Floor, Shahibaug, Ahmedabad, Gujarat - 380004, India",Gujrat
Yashvi Ayurved Center,"C-212, Galaxy Arcade, Naroda Road, Naroda, Ahmedabad, Gujarat - 382330, India",Gujrat
Government Ayurvedic Hospital,"Opp 22-23 Bus Stop, Gandhinagar, Gandhinagar, Gujarat - 382016, India",Gujrat
Panchkarma Instruments And Equipments,"E 57, Maruti Nandan Society, Vadodara Ho, Vadodara, Gujarat - 390001, India",Gujrat
Ayushyam Panchkarma Hospital,"14 Dr Sunil Shah Hospital Building, Rajkot HO, Rajkot, Gujarat - 360001, India",Gujrat
SANKALP PILES FISSURE FISTULA HOSPITAL,"1st Floor, Sangam Shopping Center, Nr.Sidhdhi Vinayak Temple, Akhabar Nagar Circle, Navawadaj, Ahmedabad, Gujarat - 380013, India",Gujrat
Niramay Ayurvedic Hospital,"1/934-Pratik House, Adgara Street, Athugar Road, Behind Central Bank, Nanpura, Surat, Gujarat - 395001, India",Gujrat
Krishna Ayurvedam And Panchkarma Clinic,"A-Gold Coin Complex Second Floor, Opp. Jodhpur BRTS Stop, Jodhpur Char Rasta, Satellite, Ahmedabad, Gujarat - 380015, India",Gujrat
Nimba Nature Cure Village,"Baliyasan, Ahmedabad-Mehsana Expressway, Mehsana, Ahmedabad, Gujarat - 382711, India",Gujrat
Ashutosh Ayurvedam Panchkarma Hospital,"At - Pooja Hospital, Sanskrut Complex, T.B. Road, Vijapur, Gujarat - 382870, India",Gujrat
Shreehari Ayurvedashram,"15, Devarchan, Opp. Kocharab Ashram Near Bonny Travels Gali, Paldi Rd Paldi, Ahmedabad, Gujarat - 382481, India",Gujrat
Shreehari Ayurvedashram Motera,"316, 317, 3rd Floor, The Emporio, Opp. 4D Square, Nr. Engg. College Motera Ahmedabad, Gujarat 380005, Ahmedabad, Gujarat - 380005, India",Gujrat
Shraddha Ayurved Clinic,"A21 Aakruti Society, Jodhpur Village Ahmedabad, Gujarat 380015, Ahmedabad, Gujarat - 380015, India",Gujrat
Sattva Ayurved Panchkarma Hospital,"233, 234, Iscon Emporio, Near Star Bazaar,, Jodhpur Cross Road, Satellite, Ahmedabad, Gujarat 380015, Ahmedabad, Gujarat - 380015, India",Gujrat
Sankat Haran Homiyo Cilnic,"Mahatma Gandhi Nagar Road, Kankarbagh, Patna, Bihar - 800026, India",Bihar
THE HEALTHY INDIA,"Road No. 3, Aadarsh Vihar Colony, Rukanpura, Patna, Bihar - 800014, India",Bihar
"DR.DAUD SAMAD,ORTHO CARE CENTER","Ashok Rajpath, Katra Road, Deedarganj Marg, Patna, Bihar - 800008, India",Bihar
AYURVEDAJOD JEEVAN HOSPITAL SOCIAL SERVICES WELFARE FOUNDATION,"Nawab Bahadur Road Paschim Darwaza Near SBI ATM Patna City-8 Bihar India, Patna, Bihar - 800008, India",Bihar
Ayurveda Jod Jeevan Hospital,"Ashok RajPath, Near Petrol Pump, Katra Road, Deedarganj Marg, Patna, Bihar - 800008, India",Bihar
AYURVEDA JOD JEEVAN HOSPITAL,"ASHOK RAJPATH, NEAR PETROL PUMP, KATRA ROAD, PATNA CITY, Patna, Bihar - 800008, India",Bihar
AYURVEDAJOD JEEVAN HOSPITAL SOCIAL SERVICES WELFARE FOUNDATION,"Nawab Bahadur Road, Paschim Darwaza, Near SBI ATM, Patna City, Patna, Bihar - 800008, India",Bihar
DHANWANTARY AYURVEDIC CLINIC AND RESEARCH CENTRE,"Krishnapur, Kestopur, Kolkata, West Bengal 700059, India",West Bengal
"Jiva Ayurveda Clinic – Kolkata, West Bengal","Building, 83/2/1, Opposite Ford Showroom, Unit No. 801 8th Floor, P.S. Continental, Topsia Rd, Kolkata, West Bengal 700046, India",West Bengal
DR. AMIT SHARMA(Govt. Ayurvedic Medical Officer ),"NH 31, CHAKCHAKA, CHECKPOST, Cooch Behar, West Bengal 736156, India",West Bengal
State Ayurvedic Dispensary,"Nalhati, Kaitha, West Bengal 731220, India",West Bengal
Institute of Post Graduate Ayurvedic Education & Research,"No 294, 3/1, Acharya Prafulla Chandra Rd, Garpar, Machuabazar, Kolkata, West Bengal 700009, India",West Bengal
Raghunath Ayurved Mahavidyalaya and Hospital,"Raghunath Sarani, Purba Medinipur, Contai, West Bengal 721401, India",West Bengal
Patipukur Ayurvedic Hospital,"29, S K Dev Rd, Shree Bhumi, Lake Town, Kolkata, West Bengal 700089, India",West Bengal
RKMA Ayurvedic Hospital,"Narendrapur, Kolkata, West Bengal 700103, India",West Bengal
National Research Institute of Ayurvedic Drug Development,"HCHJ+8W8, CN Block, Sector V, Bidhannagar, Kolkata, West Bengal 700091, India",West Bengal
Belley Sankarpur Rajib Gandhi Memorial Ayurvedic College and Hospital,"near, Belley, Jagaddal, Sankarpur, Rambati, West Bengal 743126, India",West Bengal
Government Ayurvedic Hospital And Panchkarm Centre,"Simbhal Chour, Simalchaur, Uttarakhand 246149, India",Uttarakhand
Govt Ayurvedic Hospital,"Lane Number 2, Hemkunj Colony, Dehradun, Uttarakhand 248001, India",Uttarakhand
"Government Ayurvedic Hospital, Kathgharia","near Post Office, Kathghariya, Haldwani, Uttarakhand 263139, India",Uttarakhand
Govt Ayurvedic Hospital Niranjanpur Dehradun,"nirajanpur, General Mahadev Singh Rd, Chakki Tola, Sewla Kalan, Majra, Dehradun, Uttarakhand 248001, India",Uttarakhand
Govt. Ayurvedic Hospital Majra,"72W3+RXM, Niranjanpur, Dehradun, Uttarakhand 248171, India",Uttarakhand
Government Ayurvedic Hospital,"Village Toriyal, Post Office, Ladoli, Uttarakhand, India",Uttarakhand
Govt Ayurvedic Hospital,"Almora – Berinag Rd, Bans, Uttarakhand 262532, India",Uttarakhand
Government Ayurvedic Hospital,"WFQ8+3VF, Lalpur, Uttarakhand 263148, India",Uttarakhand
Govt. Ayurvedic Hospital Nathuawala,"Balawala Rd, Tunwala, Raipur, Dehradun, Uttarakhand 248008, India",Uttarakhand
Rishikul Government Ayurvedic Hospital,"Haridwar Main Rd, Rishikul, Devpura, Haridwar, Uttarakhand 249401, India",Uttarakhand
Rama Krishan Mission,"Vivekanand Puram, Lucknow, Uttar Pradesh, India",Uttar Pradesh
Parvati Hospital Private Limited,"153, Jawaharlal Nehru Road, Allahabad, Uttar Pradesh, India",Uttar Pradesh
Jeevan Jyoti Hospital,"162, Baika Baug (Lowther Road), Allahabad, Uttar Pradesh, India",Uttar Pradesh
Dipakshi Nursing And Maternity Home Pvt Ltd,"C-53 A, Sec-33, Noida, Noida, Uttar Pradesh, India",Uttar Pradesh
Ayurveda Dr. Sumit Bentur,"A 776, Sec 19, Noida, Noida, Uttar Pradesh, India",Uttar Pradesh
SAMI DIRECT,"A-3/21-D, Noida Sector 71, Noida, Uttar Pradesh, India",Uttar Pradesh
Mudgal Ayurved Bhawan,"345, Geeta Mg, Ghaziabad, Ghaziabad, Uttar Pradesh, India",Uttar Pradesh
Patanjali Chikitsalya,"Shop No -3 Kumar Shopping Cplx, Gejha Road, Noida, Noida, Uttar Pradesh, India",Uttar Pradesh
Dr. Mahesh Chand Agarwal,"S-300, Ghaziabad, Ghaziabad, Uttar Pradesh, India",Uttar Pradesh
Vaidh T V Singh Dharmarth Ayurvedic Ausdhalaya,"G T Rd, LAL Kuan, Ghaziabad, Uttar Pradesh, India",Uttar Pradesh
Dr. Deepak,"2/113, Ghaziabad, Ghaziabad, Uttar Pradesh, India",Uttar Pradesh
Shree Balaji Clinic,"473, Indrapuram, Ghaziabad, Ghaziabad, Uttar Pradesh, India",Uttar Pradesh
Medila Dharmarth Hospital,"C-51, Noida HO, Noida, Uttar Pradesh, India",Uttar Pradesh
Bhargva Clinic,"1/12, Ghaziabad, Ghaziabad, Uttar Pradesh, India",Uttar Pradesh
J P Ayurvedic Clinic,"B-29 Basement, Shiva Tower, Chowdhry More, Ghaziabad, Ghaziabad, Uttar Pradesh, India",Uttar Pradesh
Dr. Mandeep Oberoi,"B-36, 1st Flr, Noida Ho, Noida, Uttar Pradesh, India",Uttar Pradesh
Fidai Shifa Khana,"Chungi No-3, Rawli Rd, Murad Nagar, Ghaziabad, Uttar Pradesh, India",Uttar Pradesh
Lavanya Ayurvedic Hospital Research Centre,"Dhawa Estate, Dewa Road, Indira Nagar Lucknow, Lucknow, Uttar Pradesh, India",Uttar Pradesh
Asha Ram Bapu Seva Kendra,"133/19 M Kidwai Nagar, Baradevi Road, Kidwai Nagar, Kanpur, Uttar Pradesh, India",Uttar Pradesh
Kingston Super Care Health Clinic Pvt. Ltd.,"S.A.PLAZA NEAR HOTEL COSMOS, S.G.P.G.I RAI BARELI ROAD, Lucknow, Uttar Pradesh, India",Uttar Pradesh
Ashtang Ayurveda And Panchkarma Kendra,"18/11 Indira Nagar, Ring Road, Lucknow, Lucknow, Uttar Pradesh, India",Uttar Pradesh
The Ayurveda World,"1026, Sector-3, Vaishali, Near Mahagun Mall, Ghaziabad, Uttar Pradesh, India",Uttar Pradesh
Jivak Ayurveda,"1st Floor Nidhi Complex, Vikas Nagar-2, near Mama Chauraha, Lucknow, Uttar Pradesh, India",Uttar Pradesh
Bareilly City Hospital Multi Speciality Critical Care & Trauma Center,"Shahdana Road Police Station Baradari Near Dr. Irfan Bareilly, Bareilly, Uttar Pradesh, India",Uttar Pradesh
SHRI DHANWANTARI FISTULA PILES CLINIC,"568 HARSAON ENCLAVE OPPOSITE J 64 GOVINDPURAM GHAZIABAD, Ghaziabad, Uttar Pradesh, India",Uttar Pradesh
SATYA HOSPITAL(DR R K SINGH),"SATYA HOSPITAL ,MINIBYEPASSROAD,NEAR HART MANN CROSSING ,IZZATNAGAR, Bareilly, Uttar Pradesh, India",Uttar Pradesh
Sanjivani Ayurved Ashram,"7/B Anand Industrial Estate, Near ITS College, Mohan Nagar, Ghaziabad, Uttar Pradesh, India",Uttar Pradesh
Gautam Clinic - Sexologist,"Shop No, 565K/70.Shiv Plaza,Opposite Of Sewa Chikan, Singar Nagar,Kanpur Road, Lucknow, Uttar Pradesh, India",Uttar Pradesh
Government Ayurvedic Hospital,"Mahbubabad – Warangal Rd, Pocharam, Telangana 506332, India",Telangana
Unani Ayurvedic Hospital Govt,"Old Hospital Rd, Vallabh Nagar, Mahbubnagar, Telangana 509001, India",Telangana
Govt. Ayurvedic Hospital,"RFRH+82J, Tupran, Telangana 502334, India",Telangana
Govt Ayurvedic Hospital,"16-4-63/1&2, Shiva Nagar, Shiva Nagar, Hanamkonda, Telangana 506002, India",Telangana
Government Ayurvedic Hospital Koilsagar,"Unnamed Road, Chinnarajmoor, Telangana 509204, India",Telangana
"Government Ayurvedic Hospital, Padamati Keshavapur, District: Jangaon","RXV3+2XX, Padamatikeshvapur, Telangana 506223, India",Telangana
Government Ayurvedic Hospital,"23, Station Rd, Girmajipet, Warangal, Telangana 506002, India",Telangana
Government Ayurvedic Hospital,"Chaw Maholla, Pathar Gatti, Hyderabad, Telangana 500002, India",Telangana
Government Ayurvedic Hospital and Research Centre,"Opposite ESI Hospital, Towards 'A.G. Colony', AG Colony Rd, Kalyan Nagar, Erragadda, Sanjeeva Reddy Nagar, Hyderabad, Telangana 500038, India",Telangana
AYURVEDIC HEALTH CENTER,"Housing building, Nayabazar, Jorethang, Sikkim 737121, India",Sikkim
Regional Ayurveda Research Institute,"8J82+4GQ, Gairi Gaon, Upper Tadong, Tadong, Gangtok, Sikkim 737102, India",Sikkim
Baidhya Ayurvedic Hospital,"6FHW+26W, Sikkim 737134, India",Sikkim
Ayurvedic Health Center,"5682+VXW, Pragati Chowk, Soreng, Sikkim 737121, India",Sikkim
Baidhya Ayurvedic Hospital,"6FHW+26W, Sikkim 737134, India",Sikkim
Regional Ayurveda Research Institute,"8J82+4GQ, Gairi Gaon, Upper Tadong, Tadong, Gangtok, Sikkim 737102, India",Sikkim
STNM Hospital Sikkim,"Sungava, Gangtok, Sikkim 737101, India",Sikkim
Bhai Daya Singh Ji Charitable Hospital,"Tajpur Road, Tibba Road, Ludhiana – 141008, Near Water Tank and Prem Vihar",Punjab
Dr. Kapoor Hospital Of Ayurveda And Panchakarma,"Onkar Vihar, Police Colony Road, Chandigarh Road, Ludhiana – 141010, Sec 33",Punjab
Jiva Ayurveda Clinic,"D C Complex, Ismeet Singh Road, Dashmesh Nagar, Ludhiana – 141003, Chowk Dashmesh Milk Dairy",Punjab
Kerala Ayurvedic Treatment Center,"B -345, BRS Nagar, Ludhiana – 141001, Near Canara Bank",Punjab
Shri Durga Mata Mandir Hospital,"Civil Lines, Ludhiana – 141001",Punjab
Medilife Ayurveda,"Shop No 562 L, Deep Hospital Road, Model Town, Ludhiana – 141002, Opp. Suman HOSPITAL Near Need Crocery Store",Punjab
Nadi Nidan Chikitsa Kendra,"A4, Number 2 Shaeed Karnail Singh Nagar Phase 2, Pakhowal Road, Ludhiana – 141001, Near Easy Day",Punjab
"Dayanand Ayurvedic College & Hospital, Jalandhar, Punjab","Mahatma Hans Raj Marg, Gurdev Nagar, Dayanand Nagar, Jalandhar, Punjab 144008",Punjab
Dr. Sharda Medilife Ayurvedic Hospital,"562-L, Model Town, Opp Suman Hospital Opp Suman Hospital Deep Hospital Lane Bathinda, Punjab region, India 141002",Punjab
Charak Panchkarma Clinic,"Scf 13, 2Nd Floor, Phase 10, Near PCA Stadium, Mohali, Chandigadh-160055",Punjab
A Clinic Dr. Ajayita’s Charak Ayurvedic Clinic,"Government Hospital, SCO 71, Level 1, Near, Sector 30-C, Chandigarh, 160030",Punjab
Vaid Akshy Kumar Sharma,"Kapurthala Chowk, 423, Mahavir Marg, Adarsh Nagar, Jalandhar, Punjab 144008",Punjab
Parmukh Nirankari Sant Mandal,"54, Abrol Nagar, Pathankot-145001",Punjab
Dhillon Ayurvedic Charitable Hospital & Research Center,"Opp Bus Stand, Nr Punjab Roadway Deppu No-1, Dhillon Building, Jalandhar-144001",Punjab
Rama Ayurvedic Free Hospital,"Khazanz, Shastri Market, Shastri Market, Amritsar, Punjab 143006",Punjab
Anand Ayurvedic Hospital,"45-scf, Dlf Colony, Sirhind Road, Srd Road, Patiala, Punjab 147004",Punjab
College of Homoeopathy,"HWWX+3HP, Mawdiangdiang, Meghalaya 793018, India",Meghalaya
"Ayurveda Hospital, NEIAH","HWWX+22Q, Mawdiangdiang, Meghalaya 793018, India",Meghalaya
Govt Ayurvedic College & Hospital,"Assam Engineering College Rd, Sundarbari, Jalukbari, Guwahati, Assam 781014, India",Meghalaya
College of Ayurveda,"HWVX+WCW, Mawdiangdiang, Meghalaya 793018, India",Meghalaya
Regional Ayurvedic research institute,"4Q9M+2PG, Bhetapara, Guwahati, Assam 781040, India",Assam
North Eastern Institute of Ayurveda and Homeopathy,"Mawdiangdiang, Shillong, Meghalaya 793018, India",Meghalaya
Homoeopathy Hospital,"HWWX+927, Mawdiangdiang, Meghalaya 793018, India",Meghalaya
Regional Ayurveda Research Institute,"4Q8J+95R, Bhetapara, Guwahati, Assam 781040, India",Assam
"Health and Wellness Centre, Chandrakhong","M4QG+MH9, Chandrakhong, Manipur 795145, India",Manipur
Public Hospital And Research Institute,"Hatta Minuthong, Imphal, Manipur 795001, India",Manipur
PHSC Ningombam,"PVWX+959, Ningombam, Manipur 795009, India",Manipur
District Hospital,"VG58+768, Leiyatang, Kamjong, Manipur 795145, India",Manipur
CHC Kakching (Community Health Center),"FXX9+M48, Kakching, Manipur 795103, India",Manipur
"10 Bedded Integrated Ayush Hospital, Konjeng Leikai","Konjeng Leikai, Manipur, India",Manipur
Hospital (Government),"PCWG+H35, Nungba, Manipur 795147, India",Manipur
Catholic Medical Centre (CMC Hospital),"Koirengei, Imphal East -, Koirengei, Manipur 795002, India",Manipur
Ningshingkhul District Hospital,"Q4HQ+PVR, Ningsingkhun, Jiribam, Manipur 795115, India",Manipur
Citi Hospital,"115, Behind Pragati Petrol Pump,Zone II, M P Nagar, Bhopal, Madhya Pradesh - ,India",Madhya Pradesh
Sane Care Madhavbaug Ayurvedic Cardiac Hospital,"Plot No 4/9, Hardia Solitaire, Main Road, Navlakha, , Indore, Madhya Pradesh - 452001,India",Madhya Pradesh
Dr Abalkar Ayurvedic Research Centre Pvt Ltd,"14/3 Trade House Office No 303, Dhakkanwala Kua, South Tukoganj, , Indore, Madhya Pradesh - 452001,India",Madhya Pradesh
Aarogya Prakash Ayurvedic Hospital,"Plot No 64/1, Chandra Nagar, A B Road, , Indore, Madhya Pradesh - 452001,India",Madhya Pradesh
PanchKarma Hospital,"House No 60, Jail Road, Jahangirabad, , Bhopal, Madhya Pradesh - 462008,India",Madhya Pradesh
Aarogya Shree Hospital,"House No 28, New Jail Road, Karond, , Bhopal, Madhya Pradesh - 462038,India",Madhya Pradesh
Government Ayurved College,"Main Road, Jabalpur HO, , Jabalpur, Madhya Pradesh - 482001,India",Madhya Pradesh
Ayurvedic Panchakarma Centre,"Grover Hospital, Get No-3, Right Sound, Jabalpur City, , Jabalpur, Madhya Pradesh - 482002,India",Madhya Pradesh
Central Residential Institute Of Ayurved Amkho,"Gwalior HO, , Gwalior, Madhya Pradesh - 474001,India",Madhya Pradesh
Ashanilaya ArogyaDham,"Near Suryadev Mandir, Opposite Treasure Fantacy Housing Colony, CAT-RAU Road, Rangwasa, Rau , Indore, Madhya Pradesh - 453331,India",Madhya Pradesh
Samarth Ayurved Clinic,"1st Floor, Batham Tower , Near Kaila Devi Temple , Mela Road, Gole Ka Mandir, Gwalior, Madhya Pradesh - 474002,India",Madhya Pradesh
Government (Autonomous) Ayurveda College And Hospital,"Nipaniya Rd, Rewa , Rewa, Madhya Pradesh - 486001,India",Madhya Pradesh
Soukya Hospital,"# 17, Nti Layout, Vidyaranyapura Main Road, Bangalore, Bangalore, Karnataka - ,India",Karnataka
Sri Dharmasthala Manjunatheshwara College Of Ayurveda And Hospital,"Post Box # 164, Thanniruhalla, Bm Road, Hassan, Hassan, Karnataka - ,India",Karnataka
Ayurvedagram Heritage Wellness Pvt Ltd,"Hemmandanahalli, Samethanahalli Post White Field, Bangalore, Bangalore, Karnataka - ,India",Karnataka
Ayurveda Kutiram Hospital,"438, 5Th Cross, 80 Feet Road, 1St Stage, 2Nd Block, Kalyan Nagar, Hbr Layout, Bangalore, Bangalore, Karnataka - ,India",Karnataka
Ayurvaid Hospial,"230, Amarjyothi Layout, Near Embassy Golf Links Business Park, Bangalore, Bangalore, Karnataka - ,India",Karnataka
Serenity Health Solutions,"No.18/3, 1st Main, Brindavan Layout, Arekere, Bannerghatta Road, , Bangalore, Karnataka - 560076,India",Karnataka
Sukrutham Ayurveda,"No.2286, 4th Cross, 4th Main, 2nd Stage, Vijayanagar, , Bangalore, Karnataka - 560040,India",Karnataka
Brahmi Ayurvedic Center,"No.48, 2nd Cross, Syndicate Bank Colony, Arakere, Bannerghatta Road, , Bangalore, Karnataka - 560076,India",Karnataka
Sri Dharmasthala Manjunatheshwara Ayurveda Hospital,"No. 144/145, Shyam Arcade, Jagadjyothi Nagar, Ring Road, Nagadevanahalli, , Bangalore, Karnataka - 560060,India",Karnataka
Punarjani Ayurvedic Speciality Hospital,"No 14/2, Chikkanayakana Halli Village, Sarjapur Road, , Bangalore, Karnataka - 560034,India",Karnataka
Kottakkal Arya Vaidyasala,"No.1206, 16th Main, Btm Layout 2nd Stage, , Bangalore, Karnataka - 560076,India",Karnataka
Sri Dharmasthala Manjunatheshwara Institute Of Ayurveda & Hospital,"Anchepalya, Kumbalgotu Post, Mysore Road, , Bangalore, Karnataka - 560074,India",Karnataka
Poornayu Ayurveda Hospital,"No.621, 2nd Block, Dr Raj Kumar Road, Rajajinagar, , Bangalore, Karnataka - 560010,India",Karnataka
Atreya Ayurvedic Medical College Hospital & Research Centre,"Kakkalli Road, Kodigehalli Post, Doddaballapur, , Bangalore, Karnataka - 561203,India",Karnataka
Ayurveda Prathishthana Hospital,"No.11 A, 32nd Cross, Kanakapura Road, Jayanagar 7th Block, , Bangalore, Karnataka - 560082,India",Karnataka
Ayurdhaama,"No. 64/13, 13th Main, Jayanagar 4th Block, , Bangalore, Karnataka - 560011,India",Karnataka
Sri Krishnaraja Wodeyar Ayurvedic Hospital,"Bangalore Palace Ground Compound, Jayamahal Road, Jc Nagar, , Bangalore, Karnataka - 560006,India",Karnataka
Arth An Ayurvedic Health Centre,"No.3367/A, 13th Main Road, 8th Cross, Indiranagar, , Bangalore, Karnataka - 560008,India",Karnataka
Ayurvaid Hospitals,"No.25/1-4, 1st Floor, 9th Cross, 2nd Phase, Marenahallipalya, J P Nagar, , Bangalore, Karnataka - 560078,India",Karnataka
Veenas Ayurvedalaya,"No. 42, Namdhari Bhavan, 2nd Stage, 3rd A Cross, Bda 5th Block, Nagarbhavi, , Bangalore, Karnataka - 560072,India",Karnataka
Upadhya Ayurveda Bhandara,"No.38, Mkk Rd, Nagappa Blk, Devaiyya Park, Srirampuram, , Bangalore, Karnataka - 560021,India",Karnataka
Usha Ayur Kendra,"No.5/1, Opp To Rajeha Apartments, Magadi Main Road, Vijayanagar, , Bangalore, Karnataka - 560040,India",Karnataka
Ayurdhaama,"No.173, 5th Cross, ITI Layout, 1st Phase, Jp Nagar, , Bangalore, Karnataka - 560078,India",Karnataka
Leaf Ayurvedic Hospital,"No.23, Citipet Mn Rd, Vidyapet Circle, Ashok Ngr, Banashankari 1st Stage, , Bangalore, Karnataka - 560050,India",Karnataka
Shri Badri Clinic & Ayurvedic,"Near Bank Of Maharashtra Yalahanka 4th Phase, Yelahanka New Town, , Bangalore, Karnataka - 560064,India",Karnataka
Bharat Swabhiman Trust,"No.23, Shraddhananda Bhavan Road, Basavanagudi, , Bangalore, Karnataka - 560004,India",Karnataka
Divya Jyothi Clinic,"No 159, 38th Cross 2nd Block, Rajajinagar, , Bangalore, Karnataka - 560010,India",Karnataka
Ayushree Clinic,"Arbic College, Nagawara, Bangalore, Nagawara Main Road, Nagawara, , Bangalore, Karnataka - 560045,India",Karnataka
Sri Ayurvedic Mula Clinic,"Thimmabore Palya, Ksrtc Bus Station, , Bangalore, Karnataka - 560023,India",Karnataka
Ayurvedalaya,"No. 354, 6th Main, 14th Cross, Isro Layout, Kumaraswamy Layout, , Bangalore, Karnataka - 560078,India",Karnataka
Ojas Clinic,"No.639, 5th Main, Kempegowda Mainroad, , Rajarajeshwari Nagar, , Bangalore, Karnataka - 560098,India",Karnataka
OM Shanthi Dhama,"No.3371, 13th Cross, 2nd Main, K R Road, Shastri Nagar, , Bangalore, Karnataka - 560020,India",Karnataka
Jeevaka The Way Of Ayurveda,"No 3097, 6th A Main, 13th Cross, 2nd Stage, Esi Hospital Road, , Indiranagar, , Bangalore, Karnataka - 560008,India",Karnataka
Healing Earth Multi Speciality Hospital,"No.143/149, HSR Layout Sector 4, , Bangalore, Karnataka - 560102,India",Karnataka
Shalin,"No.331/9-K, Hulimavu, Bannerghatta Road, , Bangalore, Karnataka - 560076,India",Karnataka
Amba Ayurveda Chikithsaslaya,"S.b.t.cross, Gollahalli, Nelamangala, , Bangalore, Karnataka - 562123,India",Karnataka
Dhatri Ayurvedic Clinic & Hospital,"No. 988, 2nd Main, 3rd Cross, Vijayanagar, , Bangalore, Karnataka - 560040,India",Karnataka
Ayurvaid Hospitals & Clinics,"No. 25/1-4, 1st Floor, 9th Cross, Maranahalli, Jp Nagar 2nd Phase, , Bangalore, Karnataka - 560078,India",Karnataka
Dr.Rajeev Raj Achary(Ayur Sreepaadam),"No.62, Swan Mansion, 6th Main, Santhrupti Nagar, 7th Phase, J P Nagar, , Bangalore, Karnataka - 560078,India",Karnataka
Dr Shama(Mehar Services),"No 818/1-5, Plot No 13, , Electronic City, , Bangalore, Karnataka - 560100,India",Karnataka
Poornuayu Ayuvedic Hospital,"Shamsundar Complex, Anekal Main Road, Attibele, , Bangalore, Karnataka - 562107,India",Karnataka
Vijayanagar Piles Clinic,"No. 419, 9th Main, Near Main Bus Stop, Opp. Hotel Indraprastha, Vijayanagar, Bangalore, Karnataka - 560040,India",Karnataka
Healthyway Ayurveda,"No.1496/20, 20th Main, 40th Cross, Jayanagar 4th T Block, Bangalore, Karnataka - 560041,India",Karnataka
SNN Clinic,"Opp Viva Toyota, Kogilu Cross, Maruthi Nagar, Yelahanka, Bangalore, Karnataka - 560064,India",Karnataka
SANTHIGIRI AYURVEDA AND SIDDHA HOSPITAL,"NO.314,7th MAIN,14th 'B' CROSS, 6TH SECTOR, HSR LAYOUT, Bangalore, Karnataka - 560102,India",Karnataka
Aikyam Ayurveda Panchakarma Centre,"#10, Behind Star Market, Sugama Layout, DLF New Town, Akshayanagar, Bangalore, Karnataka - 560068,India",Karnataka
Vydehi Ayurveda Hospital,"#82, EPIP Area, Near BMTC 18th Depot, Nallurhalli, Whitefield, , Bangalore, Karnataka - 560066,India",Karnataka
Adyant Ayurveda Jayanagar,Best Ayurvedic Clinic & Panchakarma Treatment Centre,Karnataka
PRATHIBANVITHA HEALTHCARE,"48/2, 2nd Floor, K.c Das Building, Church Street, Bangalore, Karnataka - 560001,India",Karnataka
Adyant Ayurveda Rajarajeshwari Nagar,"Prabhu Arcade, 1141,, Jawaharlal Nehru Rd, BEML Layout 3rd Stage, Rajarajeshwari Nagar,, Bangalore, Karnataka - 560098,India",Karnataka
Sanjeevani Ayurved Aushdhalay,"Isri Bazar, Dumri, Jharkhand 825167, India",Jharkhand
Ganesh Ayurvedic Hospital,"At ratwe kachadari karma mandu, Ratwe, Jharkhand 829117, India",Jharkhand
Advanced Ayurvedic Clinic,"Suriya Road, Bagodih, Jharkhand, India",Jharkhand
Ayurvedic Hospital,"Jharkhand More, Kasidih, Muri, Jharkhand 835101, India",Jharkhand
Ayurvedic Medical hall,"Phuldungri Road Railway Flyover, Ghatsila, Jharkhand 832103, India",Jharkhand
Upasya Ayurveda,"New Area, Dutta Villa Road Antu Chowk, New, beside S.K Stationers, Morabadi, Ranchi, Jharkhand 834008, India",Jharkhand
Government Ayurvedic Hospital,"Unnamed Road, Kardega, Chhattisgarh 496223, India",Chattisgarh
Rajkiya Ayurvedic Hospital,"Burmu, Ranchi, Ratu Road, Ranchi, Ranchi, Jharkhand 835214, India",Jharkhand
Kerala Ayurveda Treatment Centre,"Dada Complex, N Market Rd, Bhucchar Gali, Upper Bazar, Ranchi, Jharkhand 834001, India",Jharkhand
Dhanvantari Ayurved,"Argora Chowk, Bypass Rd, Ranchi, Jharkhand 834002, India",Jharkhand
Santhigiri Ayurveda & Siddha Hospital,"Tinasree Kanwachan Road, Silphukhri, Guwahati, Assam - 781003, India",Assam
Late Shashkanta Memorial Ayurvedic Inst Guwahati,"Zoo Narengi Rd, Gitanagar, Guwahati GPO, Guwahati, Assam - 781001, India",Assam
Santhigiri Ayurveda & Siddha Hospital,"House No 10, Maniram Dewan Road, Bamunimaidan, Guwahati, Assam - 781021, India",Assam
SWASTIK AYURVEDA,"SWASTIK, House No-41, Namghar Path-1, Rukmini Nagar, Wireless, Dispur, Guwahati, Assam - 781006, India",Assam
Aarogya Hospital,"5-4-183 To 199, Twincity Market, Mozamjahi Market, Hyderabad, Telangana, India",Telangana
Dr Chandrika Kerela Ayurveda,"Plot No 32, Road No 5, Jubilee Hills, Hyderabad, Telangana, India",Telangana
Mantra Kerali Ayurvedic Hospital,"No 17-1-382/K/6/A, Sri Raghavendra Towers, Main Road, Champapet, Hyderabad, Telangana, India",Telangana
Heera Ayurvedic Speciality Centre,"House No 4-6-442/444, Esamia Bazar, Hyderabad, Telangana, India",Telangana
Amrutham Ayurveda Bazaar & Hospital,"Shop No 9-6, Lalitha Nagar, Dilsukhnagar, Hyderabad, Telangana, India",Telangana
Dr Saraja,"Shop No 18, Global Enclave, Ushamullapudi Road, Bhagya Nagar Colony, Kukatpally, Hyderabad, Telangana, India",Telangana
Raksha Ayurvedic Centre,"Door No 8-3-1320, Sai Sarathi Nagar, Ameerpet, Hyderabad, Telangana, India",Telangana
Kasturba Nature Cure Hospital & Yoga Institute,"Sivarampalli, Near Zilla Parishad School, Lane Beside Saibaba Temple, Hyderabad, Telangana, India",Telangana
Kottakkal Arya Vaidya Sala,"Near: Railway Station / Ecil 'x' Road / Nallakunta ., Secunderabad Station Road, Secunderabad, Hyderabad, Telangana, India",Telangana
Swarna Bindu Prashana,"#4, IDPL Shopping Complex, Phase-I, Bhagat Singh Nagar Opp. Nizampet Road, Kukatpally, Hyderabad, Telangana, India",Telangana
Sri Srinivasa Medical Hall,"Shop No 2-2-1075/1/6/4, Amberpet, Hyderabad, Telangana, India",Telangana
Charaka Ayurvedic Ashram,"D No 12-1-508/60, Charaka Ayurvedic Ashram, Lalaguda, Hyderabad, Telangana, India",Telangana
Krishnaveni Kerela Ayurveda Hospital,"Plot No 87, Phase 4, Vanasthalipuram, Hyderabad, Telangana, India",Telangana
Dhanwantari Vidyasala Holistic Health Care P Ltd,"Plot No 500 1-10-98/32, Begumpet, Hyderabad, Telangana, India",Telangana
Mana Ayurveda,"Hema Durga Appartment, Alain Colony, Miyapur, Hyderabad, Telangana, India",Telangana
Sanjeevani Ayurvedic Clinic,"Doorno3-4-230, Kachiguda Station Road, Kachiguda, Hyderabad, Telangana, India",Telangana
Sharada Multi Specialty Rehabilitation Centre,"H No 3-4-538/1, Street No 7, Himayat Nagar, Hyderabad, Telangana, India",Telangana
DR Chandrika,"No 32, Jubilee Hills, Hyderabad, Telangana, India",Telangana
Sannidhi Ayurveda Speciality Hospital & Research Centre,"1st Floor, Tirumala Towers, Malakpet, Hyderabad, Telangana, India",Telangana
Samskrythi Kerala Ayurvedic Panchakarma Multi Speciality,"Plot No 6 Plot No 157/7, Diamond Point Road, Sikh Village, Hyderabad, Telangana, India",Telangana
Santanalaxmi Vidyashala,"Shop No : 11-21-201, N.T.R Nagar, L B Nagar, Hyderabad, Telangana, India",Telangana
Dhaatri Ayurvedk Hospital,"Hyderabad, Hyderabad, Telangana, India",Telangana
Sri SAI Clinic,"13-7-449/77, Gudi Malkapur, Hyderabad, Telangana, India",Telangana
Shiva's Clinic,"Sainagar Colony, Gudi Malkapur, Hyderabad, Telangana, India",Telangana
Reenu Clinic,"Heera Nagar, Gudi Malkapur, Hyderabad, Telangana, India",Telangana
Abhaya Aurvedic,"SAI Ram Estate, Ground Floor, Nallakunta, Hyderabad, Telangana, India",Telangana
Shri Vishwa Sanjeevini Boitec Medicine Clinic,"H.no:5-9-651, Abids, Hyderabad, Telangana, India",Telangana
Sri Aarv Enterprises,"1-11-222/3/A, Gurumurthy Lane, Begumpet, Hyderabad, Telangana, India",Telangana
Dr Kranti Ayurvedic Hospital,"Dr Kranti Ayurvedic Hospital, Erragadda, Hyderabad, Telangana, India",Telangana
Anthony Ayurvedic Clinic,"Ramachandra Puram, Ramachandra Puram, Hyderabad, Telangana, India",Telangana
Alhamdulillah Arurvedic Clinic,"2-3-512/A/215, Chenna Reddy Nagar, Amberpet, Hyderabad, Telangana, India",Telangana
Katakam Ayurveda Hospital,"H.no.16-11511/2/B, Pratapnagar Road, Dilsukh Nagar, Hyderabad, Telangana, India",Telangana
Keshyam Ayurvedic Clinic.Skin.Hair.Ortho.Beauty,"House No 6-67/2, Naik Plaza, Bavani Nagar, Dilsukh Nagar, Hyderabad, Telangana, India",Telangana
Sri Dhanvantari Poly Clinic,"16-99/2/27, Venkat Reddy Nagar, Ramanthapur, Hyderabad, Telangana, India",Telangana
Basil Ayurveda Clinic,"3-10-5, Gokhale Nagar, Ramanthapur, Hyderabad, Telangana, India",Telangana
Geetika Ayurvedic Technical Consultancy,"Someswari Villa, Kondapur, Hyderabad, Telangana, India",Telangana
Dhathri Ayurvedic Hospital,"1st Floor, Premier Towers, Maharanipeta, Visakhapatnam, Andhra Pradesh, India",Telangana
Mehar Ayurvedic Medicals & Clinic,"H No:9-101/71, H. M. T Nagar, Nacharam, Hyderabad, Telangana, India",Telangana
Ayur Kalpa Sri Ramaswami Ayurveda Clinic & Panchakarma Centre,"House No 2-23-522/57, HMT Hills Tulusi Nagar, Kukatpally, Hyderabad, Telangana, India",Telangana
Life Care Homeopathy & Ayurveda Clinic,"6-2/23/2, Beside Charmas, Near Reliace Fresh, Hydernagar Main Road, Hyder Nagar-Kukatpally, Hyderabad, Telangana, India",Telangana
Gayathri Ayurvedic Hospital,"SK COMPLEX, Main Road, Nacharam, Hyderabad, Telangana, India",Telangana
Ayruvediv Hospital,"Shapur Nagar, Hyderabad, Telangana, India",Telangana
Sri Baaratha Matha Ayurveda Ayushadalayam,"House No:2-12-14, Annapurna Colony, Uppal, Hyderabad, Telangana, India",Telangana
Sai Pranathi Ayurvedic Hospital & Panchakarma Center,"8-43/23/B, Boduppal, Hyderabad, Telangana, India",Telangana
Aayurkriya Health Care Centre,"House No 1-14/22/218, Plot No 218, Lig B, Dr A S Rao Nagar, A S Rao Nagar, Hyderabad, Telangana, India",Telangana
Ayu Raaga Specialised Ayurvedic Care Clincn,"Shop No 22-31, 1st Floor, Serilingampally, Hyderabad, Telangana, India",Telangana
Mamatha Clinic Ayurvedicc,"Hyderabad, Hyderabad, Telangana, India",Telangana
Dhainwanthi Chikitsalayam,"33-1-29, Opp Police Art, South Jail Road, M G Road, Visakhapatnam, Andhra Pradesh, India",Andhra Pradesh
Par Ayurvedic Clinic,"Chodmetla Complex, Opp Kgh Gate, M G Road, Visakhapatnam, Andhra Pradesh, India",Andhra Pradesh
Divya Aswini Ayurvedic,"Divya Aswini Ayurvedic, Near Saptagiri Health Services, Visakhapatnam, Visakhapatnam, Andhra Pradesh, India",Andhra Pradesh
Sri Bharadwaja Ayurvedic Hospital,"Flat No 2 Sector 2, Near Vijaya Hospital, Mvp Colony, Visakhapatnam, Andhra Pradesh, India",Andhra Pradesh
Dhanwantari Chikitsalayam,"1st Floor, Premier Towers, Maharanipeta, Visakhapatnam, Andhra Pradesh, India",Andhra Pradesh
Deergayu Ayurveda Hospital,"Tadepalli, Vijayawada, Andhra Pradesh, India",Andhra Pradesh
Agrigold Ayursukha,"SAI Prabha Complex, Srinivas Service Road, Ring Road, Vijayawada, Andhra Pradesh, India",Andhra Pradesh
Annapurna Ayurvedic Hospital,"D.no. 29-28-4, Dasarivari Street Spet, Vja -2, Governerpet, Vijayawada, Andhra Pradesh, India",Andhra Pradesh
Lakshmana Prasad V.,"Sri Srinivasa Ayurvedic Hospital, 29-9-67, Govindarajulu Naidu Street, Suryaraopet, Vijayawada, Andhra Pradesh, India",Andhra Pradesh
Sri Srinivasa Homoeo Hospital,"23-11-11, Nageshwara Rao Pantulu Road, Satyanarayanapuram, Vijayawada, Andhra Pradesh, India",Andhra Pradesh
Dr T Sarojini,"Plot No.21, 2nd Lane, 2nd Cross Road, Kanakadurga Gazetedofficers Colony, Gayatri Nagar, Vijayawada, Andhra Pradesh, India",Andhra Pradesh
Susruta Ayurvedic Speciality Hospital,"1st Flr Satnam Towers, Rgc Street, Governor Peta, Guntur, Andhra Pradesh, India",Andhra Pradesh
Kottakkal Arya Vaidya Sala,"Opposite Bharath Petrol Bunk, Gajuwaka, Andhra Pradesh, India",Andhra Pradesh
Santhigiri Ayurveda & Siddha Hospital,"H.No: 49-54-6/7, Opp Road Of Minerva School, Balayya Sastry Layout, Visakhapatnam, Andhra Pradesh, India",Andhra Pradesh
Srinivas K,"Gopalapatnam Bunk Junction, Near Rythubazar, Gopalapatnam, Visakhapatnam, Andhra Pradesh, India",Andhra Pradesh
Government Ayurvedic Hospital,"9QV3+2G Kandrour, Himachal Pradesh, India",Himachal Pradesh
Ayurvedic Hospital Solan,"National Highway 22, Deoghat, Solan, Himachal Pradesh 173211, India",Himachal Pradesh
Rajiv Gandhi Government Ayurvedic Hospital,"Panchrukhi-Paprola Road, Paprola, Himachal Pradesh 176125, India",Himachal Pradesh
GOVT. AYURVEDIC HOSPITAL DUGLI,"FP9W+R69, Dugli, Himachal Pradesh 174003, India",Himachal Pradesh
District Ayurvedic Hospital,"W33Q+7M8, Deoghat, Solan, Himachal Pradesh 173211, India",Himachal Pradesh
Govt AYURVEDIC Centre,"Bhojnagar – Johdji Rd, Himachal Pradesh 173229, India",Himachal Pradesh
Ayurvedic Hospital,"SH 16, Nalagarh, Himachal Pradesh 174101, India",Himachal Pradesh
"Govt. Ayurvedic Health Center, Shillanji","Unnamed Road, Deothi Panchar, Himachal Pradesh 173101, India",Himachal Pradesh
Ayurvedic Neuro Center,"Masanganj, Chhattisgarh 495001, India",Chattisgarh
Government ayurvedic hospital,"X383+6P4, Bilha, Chhattisgarh 495222, India",Chattisgarh
Arogyadeep Ayurveda & Panchkarma Hospital,"Shri Ram Mandir Road, Tilak Nagar, Chhattisgarh 495001, India",Chattisgarh
SHRI AYURVED HOSPITAL,"Old bas stand road Tagore square, near Hotel Regal, Bilaspur, Chhattisgarh 495001, India",Chattisgarh
SHRI AYURVED HOSPITAL,"Old bas stand road Tagore square, near Hotel Regal, Bilaspur, Chhattisgarh 495001, India",Chattisgarh
District Ayurvedic Hospital,"442W+JG7, Indira Vihar Colony, Sarkanda, Bilaspur, Chhattisgarh 495006, India",Chattisgarh
Government Ayurved College Bilaspur,"35M7+WRG, Juna, Chhattisgarh 495001, India",Chattisgarh
"Government Ayurved College & Hospital, Bilaspur","Juna Bilaspur Rd, Bilaspur, Chhattisgarh 495001, India",Chattisgarh
Govt. Ayurvedic Hospital,"Beside Kanwar Kapasa Market, Chhattisgarh, India",Chattisgarh
"North Goa District Hospital, Mapusa","Mapusa Jamatkhana Road, Peddem, Mapusa, Goa 403507, India",Goa
"Government Hospital, Canacona","NH 66, Mastimol, Canacona, Goa 403702, India",Goa
South Goa District Hospital,"NH 66, Fatorda, Margao, Goa 403602, India",Goa
"Goa Medical College and Hospital, Bambolim","FV74+7X7, Bambolim, Goa 403108, India",Goa
Chicalim Govt Hospital,"Unnamed Road, Alto Chicalim, Vasco da Gama, Goa 403802, India",Goa
"Govt Hospital, Guleli","Candepar – Usgao – Gangem – Guleli – Codqui – Valpoi, Guleli, Goa 403506, India",Goa
Government Hospital,"H248+RC9, Desai Nagar, Sanquelim, Goa 403505, India",Goa
Government Health Centre,"MQQV+X9W, Goa 403512, India",Goa
Government Health Centre,"MV93+543, Dhargalim VP, Goa 403513, India",Goa
Govt.Ayurveda Hospital,"6Q4M+53R, Angadical, Kerala 689648, India",Kerala
Govt Ayurveda Hospital,"G57J+QXF, Nedupurha, Thrissur, Kerala 680012, India",Kerala
Government Ayurveda Hospital,"F59P+434, Kodannur, Thrissur, Kerala 680563, India",Kerala
Government Ayurveda Hospital,"F59P+434, Kodannur, Thrissur, Kerala 680563, India",Kerala
Government Ayurveda Hospital,"Veli Rd, Jubilee Nagar, Veli, Kochi, Kerala 682001, India",Kerala
Government Ayurveda Hospital Villadam,"Kuttumuck – Villadam Rd, Kuttumuck, Cheroor, Thrissur, Kerala 680631, India",Kerala
Government Ayurveda Hospital Villadam,"Kuttumuck – Villadam Rd, Kuttumuck, Cheroor, Thrissur, Kerala 680631, India",Kerala
Government Ayurveda Hospital,"1, Muzhattadom Rd, Thana, Kannur, Kerala 670012, India",Kerala
Govt Ayurveda Hospital,"George eden Memorial Government Ayurveda Hospital Aluva, Thottakkattukara, Aluva, Kerala 683108, India",Kerala
ASHWINI AYURVEDIC HOSPITAL,"Bungalow No. 260/275, RSC 1A, Gorai-1, Borivli West Near Ganesh Mandir, opp. Gorai Udyan, Mumbai, Maharashtra 400091, India",Maharashtra
"BMC – Ayurvedic Hospital, Andheri","400047, Yash Co-Operative Society, Adarsh Vasant Bahar Society, Vile Parle East, Vile Parle, Mumbai, Maharashtra, India",Maharashtra
GOVERNMENT AYURVED HOSPITAL,"44G7+MF5, Ayurvedic Layout, Raghuji Nagar, Nagpur, Maharashtra 440009, India",Maharashtra
"Govt. Ayurved College & Hospital, Jalgaon","26/2, Shri Gulabrao Deokar College campus, Shirsoli Rd, Jalgaon, Maharashtra 425002, India",Maharashtra
Brihanmumbai Municipal Corporation Ayurvedic Clinic,"Shahaji Raje Marg, Sahar Road, Yash Co-Operative Society, Navpada Near Daulat Minar, Vile Parle East, Mumbai, Maharashtra 400069, India",Maharashtra
Government Ayurvedic Hospital,"Mahuli, Maharashtra 415310, India",Maharashtra
Government Ayurvedic Hospital,"Mohammed Ali Road, Hyder Bagh, Dashmesh Nagar, Harsh Nagar, Nanded, Maharashtra 431604, India",Maharashtra
Government Ayurvedic Hospital,"Sangavi, Road, near Z P School, Sindhgaon, Maharashtra 413527, India",Maharashtra
"Govt Ayurved College And Hospital, Nagpur","18, Umred Rd, Sewadal Market, Ayurvedic Layout, Raghuji Nagar, Nagpur, Maharashtra 440009, India",Maharashtra
Govt. Ayurvedic Hospital Birbira,"3695+XV3, Talsara, Odisha 770022, India",Odisha
Dibya Dham Multispeciality Ayurved Hospital,"FRJP+77R, CDA Sector-9, Cuttack, Odisha 753014, India",Odisha
Ayurveda Hospital (CARIHD),"Near Kalinga Studio, Bharatpur, Bhubaneswar, Odisha 751003, India",Odisha
AYURVEDA HOSPITAL AND PANCHAKARMA CENTRE,"Plot No113c, Sibaswamya, Khandagiri, caves, near khandagiri, Bhubaneswar, Odisha 751003, India",Odisha
CENTRAL AYURVEDA RESEARCH INSTITUTE FOR HEPATOBILIARY DISORDERS,"Bharatpur, Bhubaneswar, Odisha 751003, India",Odisha
Government Ayurvedic Hospital,"Khandagiri – Chandaka Rd, Khandagiri, Bhubaneswar, Odisha 751030, India",Odisha
"Govt Ayurvedic Hospital, BBSR-14","Nageswar Tangi, Old Town, Bhubaneswar, Odisha 751014, India",Odisha
Astang Ayurveda Hospital,"Phase-1, Plot No: MIG-43, Pokhariput, BDA Colony, Bhubaneswar, Odisha 751020, India",Odisha
Government Ayurvedic hospital,"5VVX+CMR, Bisuniapada, Odisha 752100, India",Odisha
Sri Purusottam Pur Ayurvedic Hospital,"XPVX+7GM, Sripurushotamapur, Odisha 752016, India",Odisha
Government Ayurveda Hospital,"QRXF+GQ9, Kumbha Marg, Sanganer, Sector 11, Pratap Nagar, Jaipur, Rajasthan 302033, India",Rajasthan
Government Ayurvedic Hospital,"Pushkar Rd, Dayanand Colony, Ajmer, Rajasthan 305004, India",Rajasthan
govt.ayurvedic hospital,"Sindhi bazar, foota darwaja, Udaipur, Rajasthan 313001, India",Rajasthan
Government District Ayurvedic Hospital,"Fateh Pol Rd, Khanda Falsa, Bhistiyon Ka Bas, Jodhpur, Rajasthan 342001, India",Rajasthan
Ayurveda hospital Rajasthan government,"105/212, Ajay Marg, Tirupati Balaji Nagar, Sector 6, Pratap Nagar, Jaipur, Rajasthan 302033, India",Rajasthan
Government Ayurvedic Hospital,"Ahmadabad Road, Village Goverdhan Villas, Goverdhan Villas, Sector 14, Hiran Magri, Udaipur, Rajasthan 313002, India",Rajasthan
Government Ayurvedic Hospital,"WQPQ+VQR, Pani Pech, Indra Colony, Bani Park, Jaipur, Rajasthan 302016, India",Rajasthan
Government Ayurvedic Hospital,"Sector Y22, NRI Cir, Pratap Nagar, Jaipur, Rajasthan 302002, India",Rajasthan
Govt Ayurved Hospital,"XPV9+Q8G, Ekalseenga, Rajasthan 305624, India",Rajasthan
Govt. Ayurvedic Hospital,"RJJC+FHG, Ponkh, Rajasthan 333053, India",Rajasthan
